<?xml version='1.0' encoding='UTF-8'?>
<!DOCTYPE hibernate-configuration PUBLIC
"-//Hibernate/Hibernate Configuration DTD 3.0//EN"
"http://hibernate.sourceforge.net/hibernate-configuration-3.0.dtd">
<hibernate-configuration>
	<session-factory>
		<!-- Database Connection Settings -->
		<property name="connection.driver_class">com.mysql.jdbc.Driver</property>
		<property name="connection.url">jdbc:mysql://localhost:3306/hibernate_demo</property>

 		<property name="connection.username">root</property>
		<property name="connection.password">Welcome@123</property>
		
		<!-- Connection Pool Size (built-in) -->
		<!-- <property name="connection.pool.size">1</property> -->

		<!-- SQL Dialect -->
		<property name="dialect">org.hibernate.dialect.MySQL5Dialect</property>

		<!-- Drop the existing tables and create new one -->
		<property name="hbm2ddl.auto">update</property>
		
		<property name="show_sql">true</property>
		<property name="current_session_context_class">thread</property>
		

  
	</session-factory>

</hibernate-configuration>