<?xml version="1.0" encoding="UTF-8"?>
<beans xmlns="http://www.springframework.org/schema/beans"
	xmlns:xsi="http://www.w3.org/2001/XMLSchema-instance"
	xmlns:context="http://www.springframework.org/schema/context"
	xsi:schemaLocation="http://www.springframework.org/schema/beans
    http://www.springframework.org/schema/beans/spring-beans.xsd
    http://www.springframework.org/schema/context
    http://www.springframework.org/schema/context/spring-context.xsd">
<context:property-placeholder location="classpath:sport.properties" />
	<!-- Define your beans here -->
	<bean id="BaseballCoach" class="com.baibhav.prac.BaseballCoach">
		<constructor-arg ref="myFortune"></constructor-arg>
	</bean>
<bean id="TrackCoach" class="com.baibhav.prac.TrackCoach">
		<constructor-arg ref="myFortune"></constructor-arg>
	</bean>
	<bean id="CricketCoach" class="com.baibhav.prac.CricketCoach">
		<property name="FortuneService" ref="myFortune"></property>
		<property name="EmailAddress" value="${foo.email}"></property>
		<property name="Team" value="${foo.team}"></property>
	</bean>
	<bean id="myFortune" class="com.baibhav.prac.HappyFortuneService"></bean>

</beans>





